Comedy|Horror
Drama
Drama
Comedy|Romance
Animation|Children|Drama|Musical|Romance
Drama
Comedy|Crime
Action
Comedy|Drama
Drama|Thriller
Crime|Drama
Drama|Romance
Action|Comedy|Crime|Drama|Thriller
Action|Drama|Romance|War
Drama
Horror
Comedy|Drama
Fantasy|Horror|Mystery
Thriller
Comedy
Action|Thriller
Adventure|Comedy
Comedy|Drama|Romance
Drama|Musical
Children|Comedy|Fantasy
Comedy
Action
Drama
Comedy
Comedy|Drama
Comedy|Romance
Comedy|Drama
Comedy
Horror|Sci-Fi
Drama|War
Adventure|Drama|War
Comedy
Adventure|Comedy|Western
Drama|Romance
Children|Comedy|Fantasy
Comedy
Adventure|Comedy|Western
Action|Adventure|Thriller
Drama|Thriller
Drama|Romance
Action|Adventure|Crime|Drama|Romance|Thriller
Action|Thriller
Comedy|Drama
Drama|Romance
Drama
Comedy|Crime|Horror
Drama
Comedy|Drama
Fantasy|Horror
Comedy
Romance
Drama|Thriller
Comedy|Drama|War
Action|Adventure|Comedy|War
Drama|Romance
Comedy|Fantasy|Sci-Fi
Drama|Fantasy|Horror|Thriller
Comedy
Animation|Sci-Fi
Children|Comedy|Fantasy
Comedy|Crime
Children|Comedy
Drama|Thriller
Comedy|Musical|Romance
Comedy|Drama|Romance
Drama|Film-Noir|Romance
Film-Noir|Romance|Thriller
Action|Adventure|Romance
Drama
Drama|Mystery|Thriller
Children|Comedy|Western
Children|Comedy|Romance
Adventure|Drama|Sci-Fi
Animation|Children|Fantasy|Musical
Drama|Romance
Comedy|Crime
Comedy|Musical|Romance
Drama
Action|Adventure|Sci-Fi|Thriller
Drama
Comedy|Drama|Romance
Documentary
Action|Adventure
Action|Adventure|Horror|Sci-Fi
Crime|Horror
Action|Sci-Fi|Thriller
Horror
Drama|War
Action|Drama|Mystery|Romance|Thriller
Comedy|Drama
Drama|Musical
Comedy|Romance
Drama
Crime|Drama|Thriller
Horror
Documentary
Action|Adventure|Thriller
Action|Drama|Thriller
Action|Horror
Drama
Comedy|Romance
Comedy|Romance
Action|Comedy|Crime|Drama
Comedy|Drama
Comedy
Romance
Action|Adventure|Comedy|Sci-Fi
Drama
Drama|Romance
Action|Romance|Thriller
Comedy|Romance
Action|Crime|Drama|Thriller
Adventure|Romance
Drama
Crime|Film-Noir|Mystery|Thriller
Crime|Drama|Mystery
Drama|Romance|Thriller
Comedy|Drama
Drama|Romance
Comedy|Horror|Mystery|Thriller
Drama|Romance
Comedy|Crime
Comedy|Drama
Drama|Romance
Comedy|Crime|Drama|Mystery|Thriller
Adventure|Children
Comedy|Documentary
Action|Adventure
Comedy|Drama
Comedy
Children|Comedy
Drama|Sci-Fi|Thriller
Drama
Comedy|Drama|Musical
Drama
Drama|Romance
Adventure|Comedy|Romance
Drama|Romance
Horror
Horror|Mystery
Action|Adventure|Children|Comedy|Fantasy
Drama|Sci-Fi
Adventure|Comedy|Sci-Fi
Children|Comedy|Western
Children|Comedy
Adventure|Children|Comedy
Comedy
Animation|Children|Comedy|Musical
Drama|Sci-Fi
Animation|Children|Comedy|Drama|Fantasy
Crime|Drama|Romance
Drama
Comedy|Fantasy|Sci-Fi
Animation|Children
Adventure|Animation|Children|Comedy
Adventure|Drama|Fantasy
Comedy
Comedy|Drama
Thriller
Comedy
Drama|Mystery|Thriller
Drama
Crime|Drama|Thriller
Drama
Comedy
Horror|Sci-Fi
Comedy
Comedy
Drama
Fantasy|Horror|Thriller
Comedy|Drama|Romance
Romance
Action|Adventure|Fantasy
Comedy|Romance
Western
Comedy|Sci-Fi
Action|Drama
Comedy|Drama
Action|Adventure|Drama
Action|Adventure|Children|Drama
Comedy
Comedy|Drama|War
Comedy|Romance
Romance
Drama|Mystery|Thriller
Crime|Film-Noir
Drama
Drama
Action|Adventure|Drama|Thriller
Sci-Fi
Action|Sci-Fi
Horror|Thriller
Comedy
Animation|Children
Comedy|Crime|Drama
Drama|Romance|Sci-Fi|Thriller
Drama
Drama
Adventure|Animation|Children|Drama
Action|Comedy|Sci-Fi|Western
Action|Mystery
Horror
Comedy
Comedy
Comedy|Drama|Fantasy|Romance
Comedy
Thriller
Drama|Romance
Comedy
Drama|Mystery|Romance
Animation|Children|Fantasy
Action|Adventure|Comedy
Western
Drama|Romance|War
Comedy|Drama
Adventure|Drama
Drama
Action|Adventure|Thriller
Documentary
Comedy|Romance
Comedy|Horror
Thriller
Comedy
Comedy
Comedy
Comedy
Adventure|Animation|Children|Fantasy|Sci-Fi
Drama|Mystery
Drama|Romance
Drama|War
Action|Comedy|Crime|Thriller
Drama
Adventure|Comedy|Sci-Fi
Drama|Mystery|Thriller
Drama
Crime|Drama
Comedy
Drama
Drama
Horror|Sci-Fi|Thriller
Documentary
Sci-Fi
Fantasy|Horror|Mystery|Thriller
Adventure|Crime|Drama|Romance
Children|Comedy
Drama|Thriller
Drama
Drama|Thriller
Adventure|Drama|Sci-Fi
Sci-Fi|Thriller
Drama
Action|Drama|War
Comedy|Drama
Drama|Horror|Thriller
Drama|Musical
Comedy
Comedy
Comedy|Romance
Comedy|Romance
Comedy
Comedy
Action|Adventure|Thriller
Comedy|Drama
Drama
Horror|Sci-Fi|Thriller
Action|Crime|Drama|Thriller
Horror|Sci-Fi|Thriller
Comedy|Horror
Action|Comedy|Crime|Thriller
Animation|Musical
Drama|Western
Drama
Comedy|Romance
Animation|Children|Comedy
Action|Crime|Drama|Thriller
Crime|Drama
Comedy|Horror
Comedy|Drama
Thriller
Adventure|Fantasy
Comedy
Comedy|Horror|Thriller
Comedy|Drama
Drama
Comedy
Drama
Drama|Film-Noir
Romance
Drama|Thriller|War
Drama|Horror
Crime|Drama|Thriller
Crime|Drama|Mystery|Thriller
Thriller
Drama|Thriller
Thriller
Comedy|Sci-Fi
Comedy
Horror|Thriller
Drama
Sci-Fi
Action|Crime|Drama
Drama|Thriller
Documentary
Comedy|Fantasy
Animation|Children
Comedy|Drama
Comedy|Drama
Comedy|Crime
Drama
Action|Comedy|Romance
Drama
Drama
Drama|Romance|War
Comedy|War
Action|Adventure
Crime|Drama|Mystery|Thriller
Drama
Action|Comedy
Drama
Comedy|Drama|Mystery|Thriller
Drama
Drama|Film-Noir
Drama
Horror
Comedy
Documentary|IMAX
Comedy|Fantasy
Drama
Comedy|Romance
Comedy
Comedy|Horror
Mystery|Romance|Thriller
Comedy|Drama
Comedy|Sci-Fi
Action|Sci-Fi|Thriller
Action|Drama|Mystery
Comedy|Crime|Romance
Comedy|Romance
Drama
Comedy
Action|Comedy|Drama
Drama|Horror|Mystery|Thriller
Crime|Drama|Thriller
Comedy|Crime
Horror|Thriller
Comedy|Crime
Comedy|Horror
Comedy
Documentary
Horror
Drama
Comedy|Drama|Romance
Documentary
Comedy|Romance
Drama
Comedy|Drama
Thriller
Comedy|Romance
Drama
Documentary|IMAX
Drama
Action|Crime|Drama|Thriller
Comedy|Drama|Musical
Fantasy|Mystery|Thriller
Mystery|Thriller
Drama|Romance
Comedy
Drama
Animation|Sci-Fi
Comedy|Drama
Action
Comedy|Musical|Romance
Action|Horror|Sci-Fi|Thriller
Drama
Action|Comedy
Action|Horror|Thriller
Comedy
Drama
Comedy|Drama
Drama
Comedy|Drama|Romance
Action|Crime|Drama|Mystery|Thriller
Drama
Drama
Action
Adventure|Children|Comedy|Fantasy|Mystery
Crime|Drama|Romance|Thriller
Drama|Film-Noir|Thriller
Action|Comedy|Horror|Sci-Fi
Action|Comedy
Comedy|Drama
Action|Drama|Sci-Fi
Comedy|Drama|Fantasy|Sci-Fi
Action|Comedy|Romance|War
Comedy|Crime
Comedy|Sci-Fi
Crime|Mystery|Thriller
Drama
Comedy|Crime
Drama
Animation|Comedy|War
Horror|Mystery|Thriller
Crime|Drama
Drama
Comedy|Drama
Action|Comedy|Documentary
Action|Adventure|Comedy|Crime
Drama
Comedy|Drama|Romance
Horror|Thriller
Comedy|Drama|Musical|Romance
Drama|War
Comedy|Crime|Drama
Adventure|Fantasy
Horror|Sci-Fi
Action|Adventure|Animation|Fantasy|Sci-Fi
Comedy|Drama
Comedy|Crime|Drama|Romance
Drama|Romance
Comedy
Comedy
Action|Comedy
Drama|Horror|Thriller
Drama|War
Comedy|Drama|Romance
Drama|Thriller
Drama|Film-Noir|Mystery|Romance
Crime|Drama
Adventure|Children|Comedy|Mystery
Drama|Thriller
Drama|Sci-Fi
Drama
Crime|Drama|Thriller
Comedy|Drama
Action|Crime
Comedy|Western
Action|Crime|Drama
Drama|Fantasy
Crime|Drama|Thriller
Action|Adventure|Children
Action|Drama
Documentary
Crime|Drama|Film-Noir
Drama
Documentary
Comedy|Drama
Comedy|Horror|Sci-Fi
Drama
Drama|Sci-Fi
Horror
Horror|Romance
Drama|Thriller
Drama
Fantasy|Horror|Sci-Fi|Thriller
Documentary
Comedy|Musical|Romance|Western
Children|Comedy|Drama
Crime|Drama
Action|Crime|Thriller
Crime|Drama|Thriller
Crime|Drama|Mystery|Romance|Thriller
Adventure|Animation|Children
Crime|Drama|Mystery|Romance|Thriller
Children|Comedy|Fantasy|Horror
Documentary
Horror|Mystery
Drama
Drama|Film-Noir|Thriller
Action|Crime|Drama
Action|Crime|Drama
Drama|Romance
Drama
Drama|Romance
Documentary
Action|Drama|Thriller
Comedy|Musical|Romance
Documentary
Comedy
Action|Adventure|Drama|War
Drama|Musical
Drama
Comedy|Drama
Adventure|Comedy
Comedy|Fantasy|Romance
Action|Crime|Thriller
Drama|Horror|Thriller
Drama
Action|Adventure|Sci-Fi|Thriller
Action|Adventure|Thriller
Comedy|Drama|Romance
Drama
Drama
Adventure|Children|Sci-Fi
Drama
Comedy|Musical
Comedy|Crime|Drama|Mystery|Romance
Comedy
Crime|Drama|Film-Noir|Thriller
Comedy
Crime|Film-Noir
Documentary|Musical
Action|Comedy
Drama
Comedy
Drama|Romance
Animation|Fantasy|Thriller
Children|Comedy|Fantasy|Sci-Fi
Drama|Romance|War
Animation|Children|Comedy
Action|Drama|Romance|War
Drama|War
Drama|War
Adventure|Drama|Sci-Fi
Comedy|Crime
Comedy|Romance
Documentary
Action|Adventure|Comedy|Sci-Fi
Action|Adventure|Sci-Fi|IMAX
Action|Sci-Fi
Adventure|Drama|Horror|Sci-Fi|Thriller
Drama|Thriller
Drama|Romance|Thriller
Action|Horror|Sci-Fi|Thriller
Action|Adventure|Sci-Fi
Comedy|Romance
Horror
Comedy|Crime|Drama
Drama
Action|Adventure|Drama|Mystery|Thriller
Comedy|Fantasy|Romance
Drama
Comedy|Romance
Comedy
Comedy|Drama
Action|Adventure|Comedy|Crime|Thriller
Comedy|Sci-Fi|Thriller
Drama
Adventure|Children|Fantasy|Sci-Fi
Comedy|Drama
Drama
Comedy
Adventure|Drama|Western
Adventure|Animation|Children|Drama|Fantasy
Drama|Horror
Comedy|Fantasy|Romance
Action|Comedy|Romance
Adventure|Animation|Comedy|Fantasy|Romance
Action|Adventure|Children|Comedy
Comedy|Sci-Fi
Drama
Comedy|Crime|Horror
Action|Adventure|Drama|Fantasy|Romance
Sci-Fi
Drama|Thriller
Drama|Fantasy|Romance|Sci-Fi
Action|Animation|Crime|Sci-Fi|Thriller
Comedy
Comedy|Drama|Romance|Sci-Fi
Action|Crime|Thriller
Comedy|Romance
Drama|Romance
Drama|Mystery|Romance|War
Adventure|Animation|Children|Fantasy
Horror|Mystery
Drama|Romance
Comedy
Drama|Horror|Mystery|Sci-Fi|Thriller
Comedy
Comedy|Crime
Comedy|Drama
Action|Crime|Drama|Thriller
Horror|Mystery|Thriller
Action|Comedy|Romance
Action|Fantasy|Horror|Thriller
Comedy|Crime|Musical
Horror|Mystery
Horror|Mystery|Sci-Fi|Thriller
Comedy|Drama
Adventure|Comedy|Crime
Action|Adventure
Documentary
Drama|War
Drama|Romance
Comedy|Romance
Drama
Action|Adventure|Sci-Fi
Comedy
Comedy
Adventure|Comedy|Drama
Comedy
Documentary
Drama
Children|Comedy
Action|Adventure|Drama|Thriller
Action|Comedy|Crime|Drama
Action|Adventure|Comedy
Action|Crime|Drama
Action|Drama|War
Comedy|Drama
Action|Crime|Drama|Thriller
Action|Adventure|Horror|Mystery|Sci-Fi|Thriller
Documentary
Action|Horror|Sci-Fi
Crime|Drama|Thriller
Crime|Drama|Horror|Thriller
Drama
Crime|Drama
Drama|Romance
Adventure|Comedy|Fantasy|Horror
Action|Adventure|Animation|Children|Comedy|Sci-Fi
Adventure|Fantasy|Thriller|IMAX
Comedy|Drama|Romance
Animation|Children|Comedy
Action|Fantasy|Horror
Drama|Romance
Crime|Drama|Thriller
Drama
Action|Fantasy|Sci-Fi|Thriller
Drama|Romance|Thriller
Comedy|Horror
Drama|Romance
Adventure|Animation|Children|Comedy
Horror|Thriller
Adventure|Comedy|Drama|Fantasy|Romance
Comedy|Documentary|Romance
Drama|Thriller
Documentary
Drama
Crime|Drama|Musical
Drama
Drama|War
Animation|Comedy
Action|Adventure|Thriller
Action|Drama|War
Drama
Comedy|Romance
Comedy
Drama|Horror|Thriller
Comedy
Action|Fantasy|Thriller
Comedy|Romance
Crime|Drama|Thriller
Fantasy
Drama|Romance
Horror|Mystery|Thriller
Drama
Action|Adventure|Animation|Children|Comedy|Sci-Fi
Crime|Drama|Mystery|Thriller
Crime|Drama|Fantasy|Mystery|Thriller
Action|Comedy|Crime|Romance
Documentary
Horror
Comedy|Romance
Comedy|Drama
Action|Adventure|Crime|Thriller
Adventure|Drama|Fantasy|IMAX
Adventure|Comedy|Fantasy|Romance
Animation|Comedy
Crime|Drama|Thriller
Action|Drama|Thriller
Comedy|Horror|Thriller
Drama
Documentary
Crime|Drama|Thriller
Drama|Horror|Mystery|Thriller
Action|Horror|Sci-Fi
Comedy|Drama|Romance
Drama
Action|Mystery|Sci-Fi|Thriller
Adventure|Animation|Drama|Horror
Crime|Thriller
Action|Adventure|Drama|Sci-Fi|Thriller
Crime|Drama|Romance|Thriller
Comedy
Action
Comedy|Romance
Comedy|Romance
Drama|Romance
Crime|Drama
Action|Thriller
Comedy|Horror
Comedy
Adventure|Children|Comedy|Romance|Sci-Fi
Animation|Children|Musical
Adventure|Fantasy|Thriller
Crime|Horror|Thriller
Drama|Thriller
Action|Adventure|Fantasy|Thriller
Action|Animation|Crime
Action|Adventure|Sci-Fi
Crime|Mystery|Thriller
Crime|Drama
Adventure|Children|Sci-Fi
Action|Crime|Drama|Thriller
Sci-Fi
Adventure|Fantasy|Sci-Fi
Adventure|Animation|Comedy|Fantasy
Comedy
Animation|Drama|Romance
Comedy|Drama
Documentary
Drama|Musical
Comedy|Fantasy
Comedy|Drama|Romance
Horror
Comedy
Comedy|Drama
Comedy
Drama
Action|Drama|War
Documentary
Adventure|Comedy|Drama
Action|Adventure|Sci-Fi|Thriller
Animation
Drama|War
Crime|Drama
Crime|Horror|Thriller
Mystery|Sci-Fi|Thriller
Adventure|Children|Fantasy|Sci-Fi|Thriller
Comedy|Drama|Musical|Romance
Western
Documentary
Documentary
Action|Adventure|Fantasy
Comedy|Drama
Adventure|Children|Drama|Fantasy|IMAX
Animation|Comedy|Drama
Drama|Romance
Action|Comedy|Drama|Romance
Animation|Children|Comedy|Fantasy
Drama|Fantasy|Horror|Romance|Thriller
Animation|Children|Fantasy|Musical|Romance
Fantasy|Romance
Comedy|Drama|Romance
Action|Drama|Horror|Thriller
Action|Crime|Mystery
Crime|Drama
Action|Comedy|Crime
Action|Comedy|Drama
Comedy|Drama|Romance
Comedy|Drama|War
Adventure|Fantasy
Action|Comedy|Crime
Adventure|Drama|Romance
Horror|Thriller
Comedy
Comedy|Drama|Romance
Action|Comedy
Comedy|Drama|Fantasy|Romance
Documentary
Comedy
Action|Children|Drama
Horror|Thriller
Drama|Thriller
Action|Crime|Drama
Action|Horror|Thriller
Drama|Horror|Mystery
Drama|Thriller
Drama|Romance|Sci-Fi
Comedy|Drama|Romance
Comedy|Drama
Action|Fantasy|Western
Action|Sci-Fi|Thriller|Western|IMAX
Action|Animation|Drama|Sci-Fi
Comedy
Horror|Sci-Fi
Crime|Drama
Animation|Children
Drama|Romance
Adventure|Animation|Children|Sci-Fi
Documentary
Animation|Comedy|Sci-Fi
Action|Adventure|Drama|Fantasy|IMAX
Action|Drama
Action|Adventure|Sci-Fi|Thriller|War
Comedy|Drama|Romance
Comedy|Drama|Romance
Action|Crime|Thriller
Documentary
Comedy|Crime
Comedy
Horror|Thriller
Drama
Action|Thriller|War
Drama
Drama
Children|Comedy|Musical|Romance
Action|Adventure|Crime|IMAX
Action|Adventure|Thriller|IMAX
Action|Fantasy|Horror|IMAX
Action|Drama
Action|Thriller
Comedy
Comedy|Drama
Horror
Drama|Horror|Thriller
Children|Comedy|Drama
Comedy|Musical
Comedy|Crime
Drama|Thriller
Action|Adventure|Drama
Comedy|Horror|Sci-Fi|Thriller
Action|Sci-Fi|Thriller|IMAX
Drama|Mystery|Sci-Fi
Comedy|Crime|Drama
Action|Adventure|Animation|Children
Documentary
Comedy|Drama|Musical|IMAX
Comedy|Fantasy
Children|Musical|Mystery
Drama
Comedy|Drama|Fantasy
Animation|Comedy|Sci-Fi
Crime|Drama|Thriller
Drama|Romance
Animation|Comedy|Horror|IMAX
Action|Adventure|Comedy|Documentary|Fantasy
Horror|Mystery|Thriller
Action|Comedy
Crime|Drama|Thriller
Drama
Documentary
Action|Comedy
Drama
Action|Drama|Thriller
Comedy|Horror
Comedy|Romance|Sci-Fi
Action|Fantasy|Horror|IMAX
Drama|Fantasy|Romance
Drama|Thriller
Comedy|Romance
Horror|Thriller
Action|Sci-Fi|Thriller|IMAX
Comedy
Comedy
Action|Drama
Crime|Mystery|Thriller
Comedy|Drama
Action|Adventure|Fantasy|Sci-Fi|IMAX
Crime|Horror|Thriller
Action|Comedy|Crime
Action|Adventure|Western|IMAX
Sci-Fi
Comedy
Drama|Mystery|Thriller
Drama
Action|Crime|Thriller
Comedy|Crime|Drama
Drama|Horror
Comedy
Comedy|Drama
Comedy|Crime
Action|Animation|Fantasy|IMAX
Comedy|Romance
Action|Adventure|Animation|Children
Drama
Comedy
Comedy|Crime|Drama
Documentary
Action|Adventure|Animation|Children|Comedy
Drama|Romance
Drama
Drama|Mystery|Sci-Fi
Documentary
Comedy|Romance
Comedy|Drama
Horror|Mystery
Drama
Comedy
Action|Drama|Thriller
Comedy|Crime|Romance
Children|Comedy
Comedy
Adventure|Children|Comedy|Fantasy
Adventure|Children|Fantasy
Action|Crime|Drama
Comedy
Horror
Comedy
Animation|Children|Comedy|Fantasy
Sci-Fi
(no genres listed)
Children|Comedy|Romance
Drama
Drama
Adventure|Comedy|Drama
Documentary
Thriller
Documentary
Children|Drama|Fantasy|Romance
Thriller
Comedy
Action|Adventure|Children|Mystery|Sci-Fi
Action|Comedy|Crime
Action|Crime|Drama|Mystery|Thriller
Documentary
Comedy|Crime|Sci-Fi
Comedy|Romance|Sci-Fi
Action|Comedy
Animation|Drama
Comedy
Documentary
Adventure|Sci-Fi
Drama|Mystery
Comedy|Fantasy|Horror
Animation|Children|Comedy
Adventure
Crime|Thriller
Action|Crime|Drama|Sci-Fi
Comedy
Animation
Comedy
Adventure|Children|Sci-Fi
Comedy|Documentary
(no genres listed)
Comedy|Drama
Drama
Comedy
Mystery|Sci-Fi|Thriller
(no genres listed)
Documentary
Documentary
Comedy|Romance
Adventure|Comedy|Horror
Comedy|Drama|Romance
Action|Adventure|Animation
Drama
Adventure|Drama
Drama
Comedy
Comedy|Western
Adventure|Children|Comedy|Drama|Fantasy|Sci-Fi
Comedy
(no genres listed)
Comedy|Romance
Action|Drama|Thriller
Action|Crime
Comedy|Drama|Sci-Fi
Comedy
Drama
Children|Drama
Action
Children
Comedy
Comedy
Action
Comedy|Drama|Romance
Action|Comedy|Thriller
Comedy
Action
Crime|Drama
Thriller
Action|Western
Fantasy
Animation|Comedy|Drama
Adventure|Sci-Fi
Action|Adventure|Fantasy
Drama|Romance
Action|Drama|Sci-Fi
Horror
Sci-Fi
Action|Horror|Sci-Fi|Thriller
Drama|Mystery|Romance
Action|Comedy
Action|Crime|Drama|Thriller
Comedy|Crime|Drama
Documentary
(no genres listed)
(no genres listed)
Comedy
Documentary
Animation
Comedy
Sci-Fi|Thriller
Horror|Thriller
Crime|Drama
Horror|Thriller
Action|Crime|Mystery|Thriller
Action|Adventure|Comedy
Animation|Children|Comedy|Romance
Action|Adventure|Animation|Fantasy|Sci-Fi
Adventure|Animation|Children
Drama
Drama
Drama|Horror|Thriller
Comedy
Comedy
Crime
Action|Adventure|Sci-Fi
Comedy|Romance
Documentary
Action|Crime|Thriller
Action|Sci-Fi
Sci-Fi|Thriller
Animation
